{"text": " MBC \ubc84\ud168\ufffdivering 9600\uc5ec\u015bci\u0105", "segments": [{"id": 0, "seek": 0, "start": 0.0, "end": 3.0, "text": " MBC \ubc84\ud168\ufffdivering 9600\uc5ec\u015bci\u0105", "tokens": [50364, 376, 7869, 22076, 9964, 3891, 48940, 1722, 15707, 10558, 50227, 50514], "temperature": 1.0, "avg_logprob": -3.4702899639423075, "compression_ratio": 0.7906976744186046, "no_speech_prob": 0.16204363107681274}], "language": "Korean"}